{"val_loss": 0.13337309658527374, "val_acc": 0.8135504126548767, "epoch": 1, "trainer/global_step": 49, "_timestamp": 1678776153, "_runtime": 621, "_step": 2, "train_loss_epoch": 0.17283231019973755, "train_acc_epoch": 0.7565248012542725, "train_loss_step": 0.1442847102880478, "train_acc_step": 0.8046875}