{"val_loss": 0.14202359318733215, "val_acc": 0.8177521228790283, "epoch": 5, "trainer/global_step": 269, "_timestamp": 1678778807, "_runtime": 3275, "_step": 16, "train_loss_epoch": 0.09306897222995758, "train_acc_epoch": 0.8854440450668335, "train_loss_step": 0.1560349017381668, "train_acc_step": 0.78125, "_wandb": {"runtime": 3370}}