{"val_loss": 0.19035939872264862, "val_acc": 0.7836134433746338, "epoch": 63, "trainer/global_step": 2879, "_timestamp": 1678924510, "_runtime": 74379, "_step": 184, "train_loss_epoch": 0.044522758573293686, "train_acc_epoch": 0.9509546160697937, "train_loss_step": 0.03297854959964752, "train_acc_step": 0.96875, "_wandb": {"runtime": 74608}}